label,sp_alloc_fifo,sp_alloc_filo
gcc,36.0,2.0
clang,0.0,27.0
clang,0.0,22.0
gcc,18.0,1.0
clang,0.0,26.0
gcc,44.0,13.0
gcc,81.0,2.0
gcc,6.0,2.0
gcc,72.0,2.0
clang,0.0,20.0
gcc,4.0,0.0
gcc,5.0,5.0
clang,0.0,655.0
clang,0.0,43.0
gcc,5.0,9.0
gcc,4.0,10.0
gcc,105.0,19.0
gcc,11.0,12.0
gcc,4.0,1.0
gcc,25.0,2.0
clang,0.0,60.0
clang,0.0,38.0
clang,0.0,44.0
gcc,4.0,7.0
gcc,6.0,6.0
gcc,35.0,2.0
gcc,20.0,1.0
clang,0.0,3.0
clang,1.0,40.0
gcc,19.0,11.0
gcc,6.0,1.0
gcc,63.0,2.0
gcc,43.0,1.0
clang,1.0,803.0
clang,0.0,27.0
clang,0.0,44.0
clang,0.0,30.0
gcc,289.0,2.0
clang,0.0,85.0
gcc,117.0,33.0
clang,0.0,102.0
clang,0.0,1884.0
gcc,6.0,3.0
clang,0.0,95.0
gcc,12.0,11.0
gcc,5.0,6.0
clang,0.0,504.0
gcc,35.0,20.0
gcc,13.0,1.0
gcc,505.0,0.0
gcc,324.0,2.0
clang,0.0,18.0
gcc,9.0,1.0
gcc,156.0,25.0
gcc,56.0,2.0
clang,0.0,2443.0
gcc,156.0,29.0
gcc,4.0,9.0
clang,0.0,1.0
gcc,2.0,6.0
clang,0.0,45.0
gcc,1312.0,1.0
gcc,220.0,2.0
clang,2.0,834.0
gcc,96.0,2.0
gcc,74.0,2.0
clang,3.0,1107.0
gcc,43.0,2.0
clang,0.0,42.0
gcc,1.0,1.0
clang,1.0,33.0
gcc,127.0,30.0
gcc,61.0,1.0
gcc,6.0,13.0
gcc,286.0,5.0
gcc,1.0,0.0
clang,0.0,100.0
clang,0.0,190.0
clang,0.0,39.0
clang,0.0,32.0
gcc,88.0,1.0
clang,0.0,45.0
clang,0.0,58.0
clang,0.0,58.0
clang,0.0,22.0
gcc,20.0,9.0
gcc,92.0,2.0
gcc,100.0,1.0
gcc,111.0,2.0
gcc,16.0,2.0
clang,0.0,172.0
clang,0.0,147.0
clang,0.0,19.0
clang,0.0,69.0
clang,0.0,65.0
gcc,6.0,5.0
gcc,0.0,1.0
gcc,24.0,5.0
clang,0.0,310.0
clang,0.0,2802.0
clang,0.0,21.0
gcc,4.0,7.0
clang,0.0,48.0
gcc,7.0,2.0
clang,0.0,20.0
clang,1.0,749.0
gcc,1899.0,1.0
gcc,11.0,7.0
gcc,4.0,3.0
clang,0.0,22.0
gcc,13.0,8.0
gcc,41.0,2.0
clang,0.0,107.0
gcc,0.0,1.0
clang,0.0,20.0
gcc,1.0,1.0
gcc,146.0,1.0
clang,0.0,31.0
gcc,27.0,10.0
gcc,6.0,8.0
gcc,237.0,1.0
clang,0.0,52.0
gcc,5.0,13.0
clang,0.0,1.0
gcc,34.0,2.0
clang,0.0,48.0
clang,0.0,27.0
gcc,6.0,6.0
gcc,13.0,3.0
clang,0.0,32.0
gcc,124.0,1.0
clang,0.0,21.0
gcc,33.0,2.0
gcc,10.0,2.0
gcc,9.0,11.0
gcc,10.0,7.0
gcc,2.0,1.0
clang,0.0,26.0
clang,0.0,70.0
gcc,4.0,1.0
clang,0.0,11.0
gcc,56.0,2.0
gcc,22.0,13.0
clang,0.0,20.0
clang,0.0,28.0
clang,0.0,51.0
gcc,9.0,2.0
gcc,24.0,3.0
gcc,14.0,12.0
gcc,9.0,3.0
clang,0.0,23.0
clang,0.0,13.0
gcc,34.0,2.0
gcc,11.0,2.0
gcc,4.0,9.0
gcc,45.0,1.0
gcc,296.0,1.0
gcc,0.0,1.0
clang,0.0,55.0
gcc,5.0,6.0
gcc,7.0,1.0
clang,0.0,24.0
clang,0.0,1.0
clang,0.0,24.0
clang,0.0,50.0
gcc,88.0,2.0
gcc,3.0,4.0
gcc,73.0,1.0
clang,0.0,2049.0
clang,0.0,17.0
clang,0.0,20.0
clang,12.0,431.0
gcc,5.0,7.0
gcc,53.0,14.0
clang,0.0,36.0
clang,0.0,34.0
clang,1.0,28.0
gcc,58.0,2.0
clang,0.0,23.0
gcc,7.0,10.0
gcc,94.0,1.0
gcc,25.0,1.0
gcc,2.0,0.0
clang,0.0,222.0
gcc,8.0,0.0
gcc,0.0,0.0
gcc,4.0,11.0
gcc,6.0,11.0
gcc,6.0,12.0
clang,0.0,89.0
clang,0.0,51.0
clang,0.0,85.0
clang,0.0,65.0
clang,0.0,58.0
gcc,6.0,12.0
clang,0.0,22.0
clang,0.0,59.0
clang,0.0,30.0
gcc,49.0,1.0
clang,1.0,122.0
clang,0.0,38.0
clang,0.0,75.0
gcc,27.0,3.0
clang,0.0,79.0
clang,0.0,262.0
clang,0.0,59.0
gcc,129.0,2.0
gcc,5.0,10.0
gcc,82.0,2.0
clang,0.0,28.0
gcc,6.0,3.0
clang,0.0,72.0
gcc,10.0,11.0
clang,0.0,132.0
clang,0.0,30.0
gcc,331.0,2.0
gcc,2.0,10.0
gcc,0.0,1.0
clang,0.0,51.0
clang,0.0,69.0
gcc,1.0,0.0
clang,0.0,25.0
clang,0.0,58.0
gcc,17.0,1.0
clang,0.0,22.0
clang,0.0,4.0
gcc,114.0,2.0
gcc,21.0,1.0
gcc,127.0,21.0
gcc,6.0,9.0
clang,0.0,331.0
clang,0.0,53.0
gcc,3.0,7.0
clang,4.0,215.0
gcc,26.0,1.0
gcc,39.0,1.0
gcc,277.0,1.0
clang,0.0,38.0
clang,0.0,40.0
gcc,34.0,2.0
gcc,72.0,2.0
clang,0.0,90.0
clang,0.0,93.0
gcc,1.0,1.0
clang,0.0,35.0
gcc,36.0,2.0
gcc,34.0,2.0
gcc,33.0,2.0
clang,0.0,370.0
gcc,0.0,0.0
gcc,93.0,1.0
gcc,11.0,12.0
clang,0.0,79.0
clang,0.0,28.0
clang,0.0,224.0
gcc,17.0,3.0
gcc,114.0,0.0
gcc,289.0,3.0
clang,0.0,78.0
clang,1.0,160.0
clang,0.0,24.0
gcc,62.0,1.0
gcc,5.0,6.0
clang,0.0,24.0
gcc,0.0,5.0
gcc,72.0,1.0
clang,0.0,41.0
clang,0.0,23.0
clang,0.0,6.0
gcc,20.0,1.0
clang,0.0,658.0
gcc,4.0,6.0
gcc,19.0,0.0
gcc,8.0,10.0
clang,0.0,17.0
gcc,10.0,1.0
gcc,9.0,7.0
gcc,1110.0,3.0
clang,0.0,63.0
clang,0.0,1.0
clang,1.0,44.0
gcc,4.0,7.0
clang,0.0,88.0
gcc,0.0,1.0
clang,0.0,20.0
clang,0.0,26.0
gcc,12.0,7.0
gcc,2.0,4.0
clang,0.0,19.0
clang,16.0,412.0
gcc,3.0,7.0
clang,0.0,30.0
gcc,14.0,3.0
clang,0.0,4919.0
clang,0.0,47.0
clang,0.0,287.0
gcc,1.0,5.0
clang,0.0,5.0
clang,0.0,332.0
clang,0.0,23.0
clang,0.0,29.0
clang,0.0,51.0
clang,0.0,20.0
clang,4.0,233.0
gcc,1.0,0.0
clang,0.0,61.0
gcc,6.0,1.0
gcc,251.0,2.0
gcc,4.0,3.0
gcc,111.0,15.0
gcc,3.0,8.0
clang,0.0,86.0
clang,0.0,115.0
clang,0.0,2048.0
clang,0.0,55.0
gcc,44.0,1.0
gcc,5.0,11.0
gcc,72.0,19.0
clang,0.0,78.0
gcc,13.0,7.0
gcc,32.0,2.0
gcc,34.0,10.0
clang,0.0,22.0
clang,0.0,24.0
gcc,4.0,3.0
clang,0.0,19.0
gcc,88.0,1.0
gcc,7.0,6.0
gcc,1.0,2.0
clang,0.0,21.0
clang,0.0,6.0
gcc,19.0,1.0
gcc,22.0,11.0
clang,0.0,34.0
gcc,125.0,1.0
clang,0.0,33.0
gcc,0.0,0.0
gcc,33.0,2.0
clang,0.0,22.0
clang,1.0,31.0
clang,0.0,129.0
clang,0.0,19.0
clang,0.0,38.0
clang,0.0,12.0
clang,0.0,85.0
gcc,1575.0,1.0
gcc,108.0,31.0
clang,0.0,0.0
clang,0.0,111.0
gcc,0.0,0.0
gcc,11.0,11.0
clang,0.0,23.0
clang,0.0,5.0
gcc,228.0,2.0
gcc,15.0,0.0
gcc,1.0,4.0
gcc,9.0,12.0
gcc,18.0,6.0
gcc,166.0,43.0
clang,0.0,78.0
gcc,209.0,1.0
clang,0.0,97.0
gcc,89.0,1.0
clang,0.0,1.0
gcc,5.0,1.0
gcc,220.0,2.0
clang,0.0,9.0
gcc,28.0,0.0
gcc,5.0,11.0
gcc,4.0,0.0
gcc,5.0,7.0
clang,0.0,56.0
clang,0.0,263.0
clang,0.0,172.0
gcc,40.0,2.0
clang,0.0,342.0
gcc,71.0,1.0
gcc,9.0,8.0
clang,0.0,2263.0
gcc,9.0,7.0
clang,0.0,3.0
gcc,88.0,2.0
gcc,776.0,2.0
gcc,13.0,10.0
clang,0.0,27.0
gcc,13.0,12.0
clang,0.0,0.0
clang,0.0,83.0
gcc,49.0,13.0
clang,0.0,28.0
clang,0.0,1635.0
gcc,0.0,1.0
gcc,105.0,1.0
gcc,3.0,7.0
clang,0.0,35.0
clang,0.0,21.0
gcc,1625.0,0.0
clang,0.0,8.0
gcc,5.0,9.0
gcc,7.0,0.0
gcc,1.0,4.0
clang,0.0,0.0
gcc,85.0,1.0
clang,0.0,53.0
gcc,11.0,2.0
clang,0.0,22.0
gcc,181.0,1.0
clang,0.0,55.0
clang,0.0,46.0
gcc,2.0,0.0
clang,0.0,127.0
gcc,19.0,1.0
gcc,1.0,1.0
gcc,41.0,2.0
gcc,586.0,1.0
gcc,4.0,0.0
gcc,93.0,1.0
clang,0.0,42.0
gcc,6.0,11.0
gcc,1.0,0.0
gcc,19.0,1.0
clang,0.0,91.0
gcc,18.0,0.0
clang,0.0,25.0
gcc,4.0,9.0
clang,0.0,262.0
clang,0.0,32.0
clang,0.0,21.0
clang,0.0,40.0
gcc,31.0,15.0
clang,0.0,59.0
clang,0.0,22.0
clang,0.0,42.0
gcc,6.0,2.0
gcc,0.0,1.0
gcc,123.0,27.0
clang,0.0,24.0
clang,0.0,51.0
gcc,55.0,2.0
clang,0.0,50.0
clang,0.0,89.0
gcc,22.0,2.0
clang,0.0,31.0
clang,0.0,2.0
clang,0.0,76.0
clang,0.0,1.0
gcc,2.0,1.0
gcc,20.0,1.0
gcc,1899.0,0.0
gcc,6.0,12.0
clang,0.0,95.0
gcc,1.0,1.0
gcc,17.0,11.0
clang,0.0,2.0
gcc,6.0,12.0
clang,1.0,451.0
gcc,3.0,7.0
clang,1.0,847.0
clang,0.0,77.0
clang,0.0,26.0
gcc,2.0,0.0
gcc,11.0,0.0
gcc,9.0,0.0
gcc,14.0,12.0
gcc,24.0,1.0
clang,1.0,650.0
clang,0.0,102.0
gcc,30.0,2.0
clang,1.0,32.0
clang,0.0,36.0
gcc,140.0,2.0
gcc,265.0,9.0
clang,0.0,1.0
clang,0.0,86.0
gcc,4.0,6.0
gcc,5.0,7.0
clang,0.0,217.0
gcc,435.0,1.0
clang,0.0,20.0
clang,0.0,152.0
clang,0.0,259.0
gcc,228.0,2.0
clang,0.0,33.0
gcc,270.0,6.0
clang,0.0,32.0
clang,0.0,13.0
gcc,16.0,0.0
clang,0.0,1555.0
clang,1.0,448.0
gcc,4.0,7.0
clang,0.0,55.0
gcc,18.0,2.0
gcc,73.0,2.0
gcc,7.0,9.0
clang,0.0,53.0
gcc,79.0,1.0
gcc,94.0,2.0
gcc,36.0,1.0
gcc,119.0,2.0
clang,0.0,17.0
clang,0.0,9.0
gcc,23.0,1.0
clang,0.0,121.0
gcc,80.0,1.0
clang,1.0,195.0
clang,0.0,69.0
clang,0.0,50.0
clang,0.0,342.0
gcc,4.0,4.0
gcc,11.0,9.0
gcc,3.0,1.0
gcc,17.0,5.0
gcc,0.0,1.0
clang,1.0,427.0
gcc,0.0,0.0
gcc,285.0,1.0
gcc,149.0,2.0
gcc,19.0,1.0
clang,0.0,117.0
gcc,26.0,1.0
clang,0.0,22.0
gcc,18.0,10.0
clang,4.0,477.0
gcc,24.0,1.0
gcc,682.0,1.0
gcc,8.0,8.0
clang,0.0,0.0
gcc,28.0,1.0
gcc,68.0,2.0
gcc,0.0,0.0
clang,0.0,7.0
clang,0.0,64.0
gcc,4.0,11.0
gcc,21.0,12.0
gcc,94.0,1.0
clang,0.0,54.0
gcc,24.0,1.0
clang,0.0,39.0
gcc,13.0,12.0
gcc,19.0,2.0
gcc,2.0,0.0
gcc,1115.0,1.0
gcc,141.0,1.0
gcc,18.0,2.0
gcc,11.0,9.0
clang,0.0,62.0
clang,0.0,4.0
gcc,4.0,6.0
gcc,5.0,6.0
clang,0.0,2.0
clang,0.0,45.0
clang,1.0,31.0
clang,0.0,29.0
clang,0.0,23.0
gcc,249.0,0.0
clang,0.0,18.0
gcc,96.0,1.0
clang,0.0,18.0
gcc,13.0,12.0
clang,0.0,224.0
clang,1.0,14.0
gcc,3.0,3.0
clang,0.0,79.0
gcc,18.0,1.0
clang,0.0,0.0
gcc,34.0,1.0
clang,0.0,310.0
gcc,72.0,2.0
clang,0.0,53.0
clang,0.0,29.0
clang,0.0,14.0
clang,0.0,0.0
clang,0.0,31.0
clang,2.0,402.0
gcc,9.0,2.0
clang,0.0,107.0
gcc,5.0,8.0
clang,0.0,243.0
clang,1.0,32.0
gcc,1.0,3.0
clang,0.0,21.0
gcc,3.0,3.0
gcc,6.0,12.0
gcc,7.0,10.0
gcc,60.0,1.0
clang,0.0,27.0
clang,0.0,331.0
clang,0.0,0.0
gcc,5.0,12.0
gcc,16.0,10.0
gcc,3.0,7.0
clang,0.0,19.0
clang,0.0,72.0
clang,0.0,5.0
gcc,8.0,9.0
gcc,2.0,5.0
gcc,13.0,3.0
clang,0.0,46.0
gcc,3.0,7.0
gcc,8.0,9.0
clang,0.0,78.0
clang,0.0,44.0
clang,0.0,18.0
gcc,2.0,1.0
gcc,8.0,6.0
clang,0.0,28.0
gcc,6.0,1.0
clang,1.0,30.0
gcc,22.0,11.0
gcc,1.0,10.0
clang,0.0,1.0
gcc,12.0,11.0
clang,0.0,43.0
gcc,220.0,2.0
gcc,62.0,2.0
gcc,115.0,0.0
gcc,1647.0,1.0
clang,2.0,46.0
clang,0.0,40.0
gcc,5.0,6.0
clang,0.0,1552.0
clang,0.0,20.0
clang,0.0,23.0
clang,0.0,31.0
clang,2.0,2402.0
clang,0.0,36.0
gcc,5.0,10.0
clang,0.0,18.0
clang,0.0,19.0
gcc,34.0,2.0
gcc,45.0,2.0
clang,0.0,375.0
gcc,5.0,12.0
gcc,0.0,1.0
clang,0.0,49.0
gcc,116.0,1.0
gcc,20.0,24.0
clang,0.0,240.0
gcc,776.0,1.0
gcc,57.0,1.0
clang,0.0,37.0
gcc,15.0,11.0
clang,0.0,2.0
clang,0.0,93.0
clang,0.0,0.0
clang,1.0,65.0
gcc,2290.0,1.0
clang,1.0,32.0
gcc,18.0,12.0
gcc,89.0,1.0
gcc,18.0,12.0
clang,0.0,21.0
gcc,35.0,2.0
clang,0.0,2442.0
clang,1.0,499.0
gcc,593.0,1.0
gcc,80.0,2.0
clang,0.0,51.0
clang,0.0,2.0
clang,0.0,48.0
clang,0.0,17.0
gcc,5.0,2.0
clang,0.0,35.0
clang,0.0,64.0
gcc,34.0,2.0
clang,1.0,242.0
gcc,71.0,1.0
gcc,37.0,2.0
gcc,2.0,1.0
gcc,19.0,1.0
gcc,53.0,1.0
gcc,0.0,1.0
gcc,73.0,2.0
clang,0.0,38.0
gcc,6.0,11.0
gcc,0.0,3.0
gcc,8.0,1.0
gcc,9.0,8.0
clang,0.0,24.0
gcc,5.0,1.0
gcc,130.0,1.0
clang,0.0,1.0
clang,0.0,13.0
gcc,1.0,2.0
gcc,653.0,2.0
gcc,5.0,3.0
gcc,8.0,0.0
gcc,68.0,1.0
clang,0.0,30.0
gcc,115.0,1.0
gcc,18.0,8.0
clang,0.0,68.0
gcc,1.0,1.0
gcc,172.0,1.0
gcc,466.0,0.0
clang,0.0,110.0
gcc,250.0,1.0
clang,0.0,152.0
clang,0.0,63.0
clang,0.0,44.0
gcc,1.0,2.0
clang,0.0,26.0
clang,0.0,7.0
clang,0.0,91.0
clang,0.0,18.0
gcc,1.0,3.0
gcc,335.0,3.0
gcc,73.0,2.0
clang,0.0,40.0
gcc,33.0,2.0
gcc,1899.0,1.0
gcc,95.0,1.0
clang,0.0,38.0
clang,0.0,31.0
clang,1.0,93.0
clang,1.0,159.0
gcc,94.0,1.0
clang,0.0,71.0
gcc,23.0,1.0
gcc,61.0,1.0
clang,0.0,2.0
clang,0.0,20.0
clang,0.0,28.0
gcc,16.0,1.0
gcc,6.0,9.0
gcc,5.0,7.0
clang,0.0,23.0
gcc,25.0,1.0
clang,0.0,115.0
clang,0.0,1.0
clang,0.0,30.0
clang,0.0,31.0
gcc,6.0,0.0
gcc,17.0,1.0
gcc,13.0,13.0
gcc,5.0,11.0
clang,0.0,216.0
clang,0.0,15.0
gcc,6.0,1.0
clang,0.0,85.0
clang,0.0,23.0
gcc,36.0,2.0
gcc,63.0,17.0
gcc,60.0,2.0
gcc,219.0,1.0
clang,0.0,19.0
clang,0.0,59.0
clang,0.0,78.0
clang,0.0,99.0
clang,0.0,37.0
gcc,43.0,1.0
gcc,5.0,0.0
gcc,1.0,5.0
gcc,202.0,1.0
gcc,69.0,2.0
clang,0.0,112.0
gcc,20.0,2.0
clang,0.0,40.0
clang,0.0,85.0
gcc,26.0,0.0
clang,0.0,123.0
clang,0.0,1.0
clang,1.0,254.0
gcc,4.0,6.0
gcc,80.0,2.0
clang,0.0,49.0
gcc,4.0,1.0
gcc,58.0,0.0
gcc,3.0,1.0
gcc,105.0,2.0
gcc,5.0,9.0
clang,0.0,54.0
clang,0.0,31.0
clang,0.0,72.0
gcc,72.0,2.0
clang,0.0,22.0
gcc,18.0,2.0
clang,0.0,29.0
clang,0.0,11.0
gcc,5.0,9.0
clang,0.0,24.0
clang,0.0,35.0
gcc,4.0,6.0
gcc,200.0,1.0
gcc,6.0,6.0
gcc,146.0,2.0
clang,0.0,9.0
clang,0.0,222.0
clang,0.0,39.0
clang,0.0,2.0
gcc,62.0,1.0
gcc,89.0,1.0
gcc,17.0,1.0
gcc,105.0,2.0
clang,0.0,39.0
clang,0.0,33.0
gcc,32.0,2.0
clang,0.0,132.0
gcc,7.0,6.0
gcc,0.0,1.0
gcc,22.0,2.0
gcc,20.0,1.0
gcc,42.0,2.0
clang,0.0,56.0
gcc,343.0,3.0
gcc,112.0,15.0
clang,4.0,221.0
clang,0.0,19.0
gcc,7.0,6.0
gcc,159.0,27.0
gcc,95.0,2.0
gcc,391.0,1.0
gcc,13.0,1.0
gcc,22.0,11.0
gcc,147.0,1.0
gcc,96.0,1.0
clang,0.0,20.0
clang,0.0,190.0
gcc,0.0,1.0
clang,0.0,86.0
gcc,413.0,1.0
gcc,48.0,0.0
gcc,1.0,1.0
gcc,63.0,1.0
gcc,4.0,4.0
clang,0.0,19.0
clang,0.0,18.0
gcc,43.0,24.0
clang,0.0,4919.0
gcc,160.0,1.0
clang,0.0,26.0
gcc,13.0,3.0
gcc,26.0,7.0
clang,0.0,8.0
clang,0.0,159.0
clang,0.0,85.0
gcc,32.0,1.0
clang,0.0,33.0
clang,0.0,21.0
clang,0.0,1.0
clang,1.0,92.0
gcc,83.0,0.0
gcc,3.0,3.0
clang,0.0,48.0
clang,0.0,79.0
clang,0.0,11.0
clang,0.0,20.0
clang,0.0,16.0
gcc,24.0,4.0
gcc,4.0,3.0
gcc,13.0,3.0
clang,0.0,63.0
gcc,6.0,1.0
gcc,3.0,7.0
clang,0.0,205.0
gcc,223.0,2.0
clang,0.0,77.0
gcc,4.0,10.0
gcc,567.0,1.0
clang,0.0,78.0
gcc,34.0,6.0
clang,0.0,0.0
clang,0.0,21.0
gcc,4.0,11.0
clang,0.0,161.0
gcc,5.0,6.0
gcc,6.0,12.0
clang,0.0,22.0
clang,0.0,32.0
gcc,1625.0,1.0
clang,0.0,2467.0
gcc,486.0,1.0
gcc,32.0,2.0
clang,0.0,2049.0
clang,0.0,2.0
gcc,48.0,2.0
clang,0.0,31.0
clang,0.0,73.0
clang,0.0,210.0
gcc,4.0,11.0
clang,0.0,21.0
gcc,139.0,1.0
gcc,106.0,0.0
gcc,130.0,2.0
clang,0.0,44.0
clang,0.0,21.0
gcc,4.0,10.0
gcc,202.0,0.0
gcc,30.0,15.0
gcc,299.0,1.0
gcc,0.0,0.0
clang,0.0,135.0
gcc,4.0,6.0
gcc,9.0,10.0
gcc,3.0,2.0
gcc,9.0,8.0
clang,0.0,74.0
clang,0.0,17.0
clang,1.0,92.0
clang,0.0,24.0
gcc,5.0,8.0
clang,0.0,2442.0
clang,0.0,72.0
clang,0.0,52.0
gcc,5.0,8.0
clang,0.0,41.0
clang,0.0,63.0
clang,0.0,20.0
clang,0.0,112.0
clang,0.0,75.0
gcc,5.0,6.0
gcc,69.0,2.0
gcc,89.0,1.0
clang,0.0,259.0
gcc,27.0,12.0
gcc,9.0,2.0
clang,1.0,51.0
gcc,1.0,0.0
clang,0.0,52.0
gcc,5.0,11.0
gcc,22.0,1.0
gcc,120.0,2.0
gcc,11.0,4.0
gcc,13.0,9.0
clang,0.0,115.0
gcc,94.0,2.0
gcc,94.0,1.0
clang,0.0,224.0
clang,0.0,13.0
gcc,5.0,1.0
gcc,18.0,2.0
clang,0.0,205.0
clang,0.0,31.0
gcc,53.0,1.0
gcc,281.0,2.0
gcc,8.0,0.0
clang,0.0,3.0
gcc,2.0,1.0
clang,0.0,37.0
gcc,7.0,11.0
gcc,6.0,12.0
clang,1.0,32.0
gcc,567.0,0.0
gcc,19.0,2.0
gcc,238.0,1.0
gcc,43.0,1.0
gcc,34.0,16.0
gcc,82.0,2.0
gcc,2.0,6.0
clang,0.0,0.0
gcc,109.0,20.0
gcc,7.0,8.0
gcc,13.0,2.0
clang,0.0,50.0
clang,0.0,29.0
gcc,254.0,2.0
clang,0.0,14.0
clang,10.0,665.0
clang,0.0,240.0
gcc,2.0,5.0
clang,0.0,219.0
gcc,12.0,11.0
clang,0.0,22.0
clang,0.0,11.0
gcc,154.0,1.0
clang,0.0,35.0
clang,0.0,23.0
gcc,11.0,12.0
gcc,19.0,2.0
clang,0.0,43.0
gcc,34.0,1.0
gcc,3.0,1.0
gcc,1000.0,0.0
clang,0.0,23.0
clang,0.0,3.0
clang,0.0,42.0
clang,0.0,46.0
clang,0.0,50.0
clang,0.0,93.0
gcc,5.0,1.0
clang,0.0,0.0
clang,0.0,23.0
clang,0.0,23.0
clang,0.0,20.0
clang,0.0,28.0
clang,0.0,1635.0
clang,0.0,992.0
gcc,106.0,2.0
clang,1.0,92.0
clang,0.0,58.0
clang,0.0,19.0
gcc,289.0,1.0
clang,0.0,23.0
clang,0.0,135.0
gcc,150.0,1.0
gcc,1.0,1.0
clang,0.0,51.0
clang,0.0,45.0
gcc,16.0,1.0
gcc,86.0,1.0
gcc,170.0,44.0
gcc,4.0,1.0
clang,0.0,53.0
clang,0.0,72.0
clang,0.0,14.0
clang,0.0,7.0
gcc,21.0,0.0
clang,0.0,28.0
clang,0.0,61.0
clang,0.0,120.0
clang,0.0,53.0
clang,0.0,113.0
gcc,33.0,1.0
clang,0.0,72.0
clang,0.0,33.0
clang,0.0,146.0
gcc,11.0,1.0
gcc,6.0,6.0
gcc,5.0,6.0
gcc,54.0,1.0
gcc,33.0,2.0
gcc,6.0,13.0
gcc,68.0,4.0
clang,0.0,21.0
gcc,5.0,1.0
gcc,118.0,18.0
gcc,5.0,6.0
gcc,6.0,6.0
clang,0.0,64.0
clang,0.0,110.0
gcc,181.0,1.0
gcc,72.0,46.0
clang,0.0,62.0
gcc,0.0,0.0
clang,0.0,41.0
clang,0.0,130.0
clang,0.0,9.0
clang,0.0,87.0
clang,0.0,124.0
gcc,4.0,6.0
clang,0.0,13.0
gcc,219.0,1.0
gcc,4.0,7.0
gcc,12.0,11.0
clang,0.0,3.0
clang,0.0,16.0
gcc,1106.0,1.0
clang,0.0,243.0
gcc,91.0,1.0
clang,0.0,41.0
clang,0.0,6.0
gcc,35.0,1.0
clang,0.0,18.0
clang,0.0,124.0
gcc,88.0,1.0
gcc,9.0,9.0
gcc,94.0,2.0
gcc,60.0,2.0
gcc,25.0,0.0
clang,0.0,28.0
gcc,35.0,2.0
gcc,8.0,9.0
gcc,18.0,1.0
clang,0.0,72.0
gcc,41.0,2.0
gcc,5.0,6.0
gcc,209.0,7.0
gcc,7.0,9.0
gcc,2465.0,1.0
clang,0.0,121.0
clang,0.0,64.0
clang,0.0,39.0
clang,0.0,62.0
gcc,3.0,1.0
clang,0.0,247.0
clang,0.0,72.0
gcc,20.0,1.0
gcc,7.0,2.0
clang,0.0,100.0
gcc,9.0,2.0
gcc,29.0,5.0
gcc,37.0,2.0
clang,0.0,768.0
gcc,3.0,6.0
gcc,9.0,7.0
gcc,79.0,1.0
clang,0.0,25.0
clang,0.0,146.0
clang,0.0,18.0
gcc,160.0,38.0
gcc,91.0,2.0
gcc,9.0,7.0
clang,0.0,20.0
gcc,31.0,1.0
gcc,505.0,0.0
gcc,6.0,5.0
gcc,22.0,1.0
clang,0.0,44.0
clang,1.0,770.0
gcc,26.0,1.0
clang,0.0,432.0
clang,3.0,848.0
gcc,34.0,2.0
gcc,141.0,31.0
gcc,5.0,6.0
clang,0.0,77.0
clang,0.0,79.0
gcc,5.0,6.0
clang,0.0,248.0
gcc,466.0,0.0
gcc,175.0,33.0
clang,0.0,43.0
gcc,74.0,1.0
gcc,249.0,1.0
gcc,17.0,0.0
gcc,27.0,15.0
gcc,6.0,8.0
gcc,2.0,6.0
clang,0.0,69.0
gcc,33.0,2.0
clang,0.0,11.0
clang,0.0,658.0
clang,0.0,61.0
clang,0.0,24.0
clang,0.0,1.0
gcc,18.0,4.0
gcc,4.0,3.0
clang,0.0,4.0
gcc,227.0,1.0
gcc,85.0,1.0
gcc,3.0,7.0
gcc,130.0,1.0
gcc,6.0,9.0
clang,0.0,54.0
gcc,30.0,2.0
gcc,567.0,1.0
gcc,18.0,10.0
clang,0.0,117.0
clang,0.0,172.0
gcc,1625.0,0.0
clang,1.0,44.0
gcc,86.0,1.0
clang,0.0,21.0
clang,0.0,82.0
gcc,72.0,1.0
gcc,89.0,0.0
clang,0.0,20.0
clang,0.0,190.0
gcc,15.0,1.0
clang,1.0,34.0
gcc,1.0,2.0
gcc,17.0,1.0
clang,1.0,172.0
clang,0.0,25.0
gcc,32.0,1.0
gcc,13.0,3.0
clang,0.0,124.0
gcc,18.0,9.0
gcc,8.0,12.0
clang,0.0,17.0
clang,0.0,35.0
gcc,247.0,2.0
gcc,141.0,32.0
clang,0.0,74.0
gcc,1.0,1.0
gcc,32.0,1.0
clang,0.0,30.0
gcc,39.0,12.0
gcc,7.0,7.0
clang,0.0,4.0
gcc,15.0,10.0
gcc,67.0,19.0
gcc,2.0,0.0
gcc,2.0,1.0
gcc,5.0,11.0
gcc,7.0,11.0
gcc,8.0,0.0
gcc,16.0,12.0
gcc,102.0,1.0
gcc,0.0,4.0
clang,0.0,5.0
gcc,23.0,1.0
clang,0.0,151.0
clang,0.0,0.0
gcc,80.0,2.0
gcc,17.0,1.0
gcc,19.0,1.0
clang,0.0,20.0
clang,1.0,32.0
clang,0.0,40.0
gcc,17.0,1.0
clang,1.0,536.0
clang,0.0,50.0
gcc,87.0,1.0
gcc,0.0,3.0
clang,0.0,23.0
gcc,1.0,6.0
gcc,4.0,11.0
clang,0.0,7.0
gcc,89.0,1.0
gcc,15.0,2.0
gcc,17.0,12.0
clang,0.0,94.0
clang,0.0,50.0
gcc,19.0,2.0
clang,0.0,23.0
clang,0.0,45.0
gcc,6.0,11.0
gcc,2465.0,1.0
gcc,8.0,3.0
gcc,89.0,2.0
gcc,81.0,2.0
gcc,9.0,9.0
clang,0.0,96.0
gcc,5.0,8.0
gcc,3.0,7.0
clang,0.0,117.0
clang,0.0,0.0
gcc,9.0,3.0
gcc,199.0,47.0
gcc,391.0,0.0
gcc,14.0,9.0
gcc,28.0,2.0
clang,0.0,579.0
gcc,137.0,3.0
gcc,39.0,4.0
gcc,54.0,2.0
clang,1.0,921.0
gcc,30.0,0.0
gcc,6.0,12.0
gcc,11.0,8.0
clang,0.0,80.0
clang,0.0,56.0
clang,0.0,1100.0
clang,0.0,9.0
gcc,65.0,0.0
gcc,5.0,11.0
gcc,1.0,2.0
clang,0.0,41.0
gcc,6.0,6.0
gcc,6.0,1.0
gcc,71.0,2.0
gcc,12.0,1.0
gcc,17.0,23.0
gcc,10.0,4.0
gcc,18.0,1.0
gcc,391.0,0.0
gcc,4.0,8.0
gcc,18.0,2.0
clang,0.0,3.0
clang,0.0,1.0
clang,0.0,105.0
clang,0.0,216.0
gcc,14.0,9.0
gcc,354.0,1.0
clang,0.0,34.0
clang,0.0,29.0
clang,0.0,61.0
gcc,4.0,9.0
clang,0.0,27.0
clang,0.0,8.0
gcc,4.0,10.0
clang,0.0,74.0
gcc,0.0,1.0
clang,0.0,117.0
gcc,8.0,7.0
clang,0.0,10.0
clang,0.0,161.0
gcc,149.0,1.0
gcc,4.0,0.0
gcc,3.0,0.0
clang,0.0,240.0
clang,1.0,24.0
clang,0.0,32.0
gcc,39.0,2.0
gcc,699.0,1.0
gcc,6.0,6.0
clang,0.0,27.0
clang,0.0,22.0
clang,0.0,22.0
clang,0.0,10.0
gcc,63.0,2.0
clang,0.0,87.0
clang,0.0,22.0
gcc,21.0,1.0
gcc,23.0,2.0
gcc,19.0,20.0
clang,0.0,7.0
gcc,4.0,10.0
clang,0.0,35.0
clang,0.0,53.0
gcc,156.0,1.0
gcc,109.0,1.0
gcc,688.0,1.0
clang,0.0,18.0
clang,0.0,88.0
gcc,10.0,3.0
clang,0.0,30.0
clang,0.0,13.0
clang,0.0,58.0
clang,0.0,72.0
clang,0.0,18.0
clang,0.0,82.0
clang,0.0,27.0
clang,0.0,94.0
gcc,19.0,0.0
gcc,12.0,11.0
clang,0.0,23.0
clang,0.0,19.0
gcc,37.0,1.0
gcc,65.0,2.0
gcc,10.0,1.0
gcc,8.0,9.0
clang,0.0,16.0
gcc,16.0,4.0
clang,0.0,37.0
gcc,7.0,0.0
gcc,33.0,1.0
gcc,9.0,11.0
clang,0.0,19.0
clang,0.0,3.0
gcc,94.0,1.0
gcc,14.0,18.0
gcc,12.0,0.0
gcc,1.0,0.0
gcc,311.0,1.0
gcc,31.0,12.0
clang,0.0,36.0
clang,0.0,0.0
gcc,11.0,0.0
clang,0.0,0.0
gcc,25.0,5.0
gcc,1.0,1.0
clang,0.0,27.0
clang,0.0,334.0
gcc,154.0,26.0
gcc,35.0,2.0
clang,0.0,28.0
gcc,28.0,1.0
clang,0.0,332.0
clang,0.0,32.0
gcc,100.0,21.0
gcc,0.0,1.0
gcc,6.0,6.0
gcc,2.0,0.0
clang,0.0,3.0
clang,0.0,24.0
clang,0.0,205.0
clang,1.0,789.0
clang,1.0,416.0
gcc,120.0,2.0
gcc,1575.0,1.0
gcc,53.0,0.0
gcc,255.0,1.0
gcc,7.0,6.0
clang,0.0,60.0
clang,0.0,108.0
gcc,4.0,10.0
gcc,3.0,7.0
gcc,18.0,1.0
gcc,6.0,1.0
clang,0.0,41.0
gcc,0.0,1.0
gcc,4.0,0.0
gcc,28.0,0.0
clang,0.0,108.0
gcc,11.0,5.0
clang,0.0,30.0
clang,0.0,259.0
clang,0.0,39.0
clang,1.0,922.0
gcc,136.0,2.0
gcc,5.0,11.0
gcc,2.0,2.0
clang,0.0,0.0
clang,0.0,133.0
gcc,18.0,1.0
gcc,9.0,6.0
gcc,194.0,1.0
gcc,8.0,3.0
clang,0.0,25.0
gcc,43.0,0.0
gcc,0.0,2.0
gcc,6.0,6.0
gcc,11.0,3.0
clang,0.0,14.0
clang,0.0,0.0
clang,1.0,449.0
clang,0.0,261.0
gcc,33.0,1.0
clang,0.0,123.0
clang,0.0,33.0
clang,0.0,24.0
clang,0.0,18.0
clang,0.0,3.0
clang,0.0,31.0
gcc,19.0,1.0
clang,0.0,18.0
gcc,68.0,2.0
clang,0.0,217.0
clang,0.0,21.0
clang,0.0,3.0
clang,0.0,17.0
clang,0.0,22.0
gcc,103.0,1.0
gcc,102.0,2.0
gcc,11.0,8.0
clang,0.0,89.0
gcc,8.0,9.0
clang,0.0,40.0
clang,0.0,0.0
gcc,14.0,4.0
gcc,6.0,10.0
clang,0.0,17.0
clang,0.0,4.0
gcc,7.0,11.0
gcc,105.0,2.0
clang,0.0,23.0
clang,0.0,23.0
clang,0.0,0.0
clang,0.0,35.0
clang,0.0,85.0
clang,0.0,31.0
clang,0.0,41.0
gcc,9.0,9.0
clang,0.0,219.0
clang,0.0,19.0
gcc,72.0,2.0
gcc,20.0,2.0
clang,0.0,190.0
gcc,21.0,9.0
gcc,687.0,1.0
gcc,35.0,1.0
gcc,25.0,16.0
gcc,2.0,2.0
clang,0.0,94.0
gcc,47.0,1.0
clang,0.0,38.0
gcc,6.0,6.0
gcc,83.0,1.0
gcc,19.0,1.0
gcc,5.0,6.0
clang,0.0,187.0
gcc,3.0,3.0
clang,0.0,49.0
clang,0.0,1.0
clang,0.0,0.0
clang,0.0,375.0
clang,0.0,18.0
gcc,6.0,9.0
gcc,9.0,7.0
gcc,15.0,13.0
clang,0.0,39.0
clang,1.0,712.0
clang,0.0,36.0
clang,0.0,93.0
gcc,3.0,4.0
clang,0.0,154.0
gcc,27.0,3.0
gcc,15.0,3.0
gcc,2754.0,1.0
gcc,5.0,9.0
clang,0.0,112.0
gcc,1568.0,1.0
gcc,14.0,7.0
gcc,131.0,1.0
gcc,35.0,2.0
gcc,27.0,7.0
gcc,8.0,6.0
gcc,27.0,13.0
gcc,132.0,2.0
gcc,61.0,2.0
clang,1.0,416.0
gcc,67.0,2.0
gcc,1.0,1.0
gcc,71.0,1.0
clang,0.0,58.0
clang,0.0,42.0
gcc,25.0,1.0
gcc,100.0,0.0
clang,0.0,54.0
clang,0.0,9.0
clang,0.0,117.0
gcc,7.0,1.0
gcc,4.0,1.0
clang,0.0,18.0
gcc,333.0,2.0
gcc,7.0,11.0
clang,0.0,9.0
clang,1.0,45.0
clang,0.0,2458.0
clang,0.0,73.0
clang,0.0,28.0
clang,0.0,22.0
clang,0.0,60.0
gcc,6.0,13.0
clang,0.0,23.0
clang,0.0,23.0
clang,0.0,43.0
gcc,106.0,1.0
gcc,102.0,2.0
gcc,220.0,1.0
clang,0.0,4.0
clang,1.0,729.0
gcc,8.0,11.0
gcc,1.0,1.0
gcc,136.0,1.0
gcc,12.0,12.0
gcc,110.0,1.0
clang,0.0,0.0
gcc,4.0,7.0
gcc,16.0,21.0
clang,0.0,32.0
clang,0.0,55.0
gcc,4955.0,1.0
gcc,20.0,1.0
gcc,15.0,6.0
gcc,2.0,5.0
clang,0.0,159.0
gcc,6.0,1.0
gcc,249.0,1.0
clang,0.0,180.0
gcc,6.0,6.0
clang,0.0,150.0
gcc,5.0,6.0
gcc,5.0,4.0
gcc,19.0,1.0
gcc,24.0,6.0
gcc,8.0,1.0
gcc,8.0,3.0
gcc,116.0,2.0
clang,0.0,62.0
gcc,116.0,1.0
clang,0.0,78.0
clang,0.0,1611.0
clang,0.0,150.0
gcc,21.0,2.0
gcc,7.0,9.0
gcc,221.0,56.0
gcc,35.0,2.0
gcc,1.0,1.0
gcc,238.0,1.0
clang,0.0,97.0
gcc,20.0,1.0
gcc,1.0,0.0
gcc,61.0,0.0
clang,0.0,107.0
gcc,164.0,2.0
gcc,79.0,2.0
gcc,13.0,0.0
clang,0.0,20.0
gcc,8.0,2.0
gcc,9.0,10.0
gcc,20.0,1.0
clang,22.0,617.0
clang,0.0,0.0
clang,0.0,9.0
clang,0.0,78.0
gcc,101.0,1.0
gcc,19.0,1.0
gcc,24.0,2.0
gcc,17.0,9.0
clang,0.0,0.0
clang,0.0,19.0
clang,0.0,20.0
clang,0.0,83.0
gcc,4.0,1.0
gcc,3.0,0.0
clang,0.0,20.0
gcc,61.0,1.0
gcc,77.0,51.0
clang,0.0,9.0
gcc,238.0,2.0
gcc,81.0,25.0
gcc,130.0,1.0
clang,0.0,276.0
clang,0.0,515.0
clang,0.0,247.0
gcc,5.0,0.0
gcc,3.0,2.0
clang,0.0,0.0
gcc,7.0,12.0
clang,0.0,2.0
gcc,17.0,1.0
clang,0.0,4.0
clang,0.0,20.0
gcc,87.0,2.0
clang,0.0,19.0
clang,0.0,310.0
clang,0.0,43.0
gcc,15.0,12.0
clang,0.0,11.0
clang,0.0,8.0
clang,0.0,62.0
gcc,12.0,21.0
gcc,0.0,1.0
clang,1.0,679.0
clang,0.0,24.0
gcc,220.0,1.0
clang,0.0,26.0
clang,0.0,24.0
gcc,254.0,1.0
gcc,330.0,0.0
clang,0.0,18.0
clang,0.0,40.0
clang,0.0,45.0
clang,0.0,14.0
clang,0.0,4.0
clang,0.0,3.0
clang,0.0,80.0
clang,0.0,67.0
gcc,36.0,2.0
gcc,36.0,2.0
clang,0.0,390.0
clang,0.0,0.0
clang,0.0,216.0
gcc,8.0,12.0
gcc,6.0,11.0
gcc,48.0,1.0
gcc,31.0,1.0
gcc,156.0,0.0
clang,0.0,33.0
gcc,37.0,1.0
clang,0.0,24.0
clang,0.0,1.0
gcc,4.0,3.0
gcc,3.0,7.0
clang,0.0,11.0
clang,0.0,46.0
gcc,26.0,1.0
clang,0.0,13.0
clang,0.0,150.0
clang,0.0,64.0
gcc,1.0,0.0
gcc,132.0,2.0
gcc,94.0,2.0
clang,0.0,0.0
gcc,0.0,0.0
gcc,31.0,0.0
gcc,1625.0,1.0
clang,0.0,22.0
clang,0.0,102.0
clang,0.0,60.0
gcc,3.0,3.0
clang,0.0,19.0
gcc,337.0,2.0
clang,0.0,52.0
clang,0.0,98.0
gcc,129.0,3.0
gcc,2.0,4.0
clang,0.0,216.0
clang,0.0,28.0
clang,0.0,104.0
gcc,17.0,2.0
gcc,25.0,1.0
gcc,62.0,2.0
gcc,30.0,15.0
clang,0.0,40.0
gcc,8.0,6.0
clang,0.0,89.0
gcc,4.0,0.0
gcc,77.0,2.0
gcc,9.0,11.0
clang,0.0,28.0
clang,0.0,76.0
gcc,0.0,3.0
clang,0.0,23.0
clang,0.0,167.0
gcc,21.0,1.0
gcc,7.0,10.0
gcc,72.0,2.0
clang,0.0,9.0
gcc,151.0,28.0
gcc,0.0,1.0
gcc,2.0,0.0
gcc,7.0,0.0
gcc,12.0,12.0
clang,0.0,22.0
gcc,97.0,2.0
gcc,9.0,12.0
gcc,7.0,7.0
clang,0.0,5.0
clang,0.0,240.0
clang,0.0,9.0
clang,0.0,58.0
clang,0.0,24.0
clang,0.0,0.0
gcc,7.0,0.0
clang,0.0,4.0
gcc,1.0,2.0
gcc,1565.0,0.0
clang,0.0,11.0
clang,0.0,70.0
clang,0.0,81.0
gcc,6.0,10.0
gcc,189.0,37.0
gcc,16.0,2.0
clang,0.0,62.0
gcc,56.0,14.0
gcc,72.0,2.0
gcc,21.0,1.0
clang,0.0,1326.0
gcc,5.0,8.0
clang,0.0,132.0
gcc,12.0,22.0
clang,0.0,66.0
clang,0.0,2.0
gcc,1.0,1.0
clang,0.0,30.0
gcc,4.0,6.0
gcc,6.0,0.0
gcc,11.0,1.0
clang,0.0,21.0
gcc,3.0,0.0
gcc,8.0,8.0
gcc,4.0,11.0
gcc,6.0,11.0
clang,0.0,174.0
gcc,5.0,7.0
clang,0.0,93.0
clang,0.0,18.0
gcc,42.0,17.0
clang,0.0,19.0
clang,0.0,30.0
gcc,1.0,0.0
gcc,112.0,1.0
clang,0.0,72.0
clang,0.0,46.0
gcc,51.0,17.0
clang,0.0,38.0
gcc,57.0,1.0
clang,0.0,152.0
clang,0.0,43.0
gcc,58.0,2.0
clang,0.0,48.0
gcc,573.0,557.0
gcc,45.0,0.0
gcc,13.0,11.0
gcc,4.0,11.0
gcc,10.0,3.0
clang,0.0,101.0
gcc,505.0,1.0
gcc,68.0,2.0
gcc,13.0,3.0
clang,0.0,21.0
gcc,94.0,2.0
clang,0.0,55.0
clang,0.0,1551.0
gcc,49.0,17.0
gcc,6.0,6.0
gcc,79.0,2.0
clang,0.0,3.0
clang,0.0,33.0
clang,0.0,93.0
clang,0.0,20.0
clang,0.0,88.0
gcc,489.0,1.0
gcc,0.0,4.0
gcc,112.0,2.0
gcc,17.0,11.0
clang,0.0,161.0
clang,0.0,111.0
gcc,55.0,2.0
clang,0.0,0.0
gcc,5.0,8.0
gcc,150.0,35.0
gcc,3.0,7.0
gcc,21.0,1.0
clang,0.0,88.0
gcc,1.0,0.0
clang,0.0,71.0
clang,0.0,17.0
clang,0.0,17.0
gcc,115.0,16.0
gcc,335.0,3.0
clang,0.0,78.0
clang,0.0,14.0
clang,0.0,54.0
gcc,71.0,2.0
gcc,164.0,2.0
clang,0.0,21.0
gcc,4.0,7.0
gcc,41.0,2.0
clang,0.0,38.0
gcc,73.0,2.0
gcc,289.0,2.0
clang,0.0,97.0
clang,0.0,83.0
clang,0.0,1883.0
gcc,167.0,41.0
gcc,46.0,0.0
clang,0.0,8.0
gcc,5.0,10.0
gcc,35.0,2.0
clang,0.0,23.0
clang,0.0,24.0
gcc,40.0,1.0
gcc,3.0,3.0
gcc,3.0,9.0
gcc,6.0,1.0
gcc,16.0,12.0
clang,0.0,1326.0
clang,0.0,12.0
clang,0.0,93.0
gcc,35.0,0.0
clang,0.0,6.0
gcc,72.0,2.0
clang,1.0,496.0
clang,0.0,7.0
gcc,38.0,1.0
gcc,92.0,1.0
clang,0.0,27.0
clang,0.0,28.0
gcc,19.0,5.0
gcc,65.0,3.0
gcc,17.0,6.0
clang,0.0,9.0
clang,0.0,26.0
gcc,16.0,10.0
gcc,169.0,42.0
clang,0.0,29.0
gcc,49.0,1.0
gcc,108.0,1.0
clang,0.0,151.0
gcc,7.0,8.0
gcc,0.0,3.0
gcc,15.0,1.0
gcc,4.0,7.0
clang,0.0,21.0
gcc,57.0,2.0
gcc,79.0,1.0
clang,0.0,92.0
gcc,4.0,3.0
clang,0.0,40.0
gcc,18.0,1.0
gcc,20.0,13.0
gcc,5.0,6.0
gcc,4.0,9.0
gcc,132.0,1.0
clang,0.0,276.0
gcc,27.0,2.0
gcc,16.0,12.0
clang,0.0,75.0
gcc,63.0,2.0
gcc,682.0,1.0
gcc,86.0,2.0
clang,1.0,531.0
gcc,330.0,0.0
gcc,16.0,12.0
gcc,18.0,10.0
gcc,3.0,1.0
gcc,29.0,2.0
gcc,28.0,7.0
gcc,111.0,17.0
clang,0.0,23.0
clang,0.0,114.0
clang,0.0,33.0
gcc,6.0,1.0
clang,0.0,1.0
clang,0.0,465.0
gcc,23.0,1.0
gcc,55.0,2.0
clang,0.0,5.0
clang,0.0,48.0
gcc,4.0,2.0
clang,0.0,20.0
gcc,17.0,1.0
clang,0.0,42.0
gcc,26.0,6.0
clang,0.0,29.0
clang,0.0,149.0
gcc,4.0,6.0
gcc,29.0,3.0
